﻿<?xml version="0.0.1" encoding="UTF-8" standalone="yes"?>
<addon id="IgorLista" name="Igor Lista" version="0.0.1" provider-name="Igor Rangel e Cleiton Leonel Creton">
  <requires>
    <import addon="xbmc.python" version="2.1.0"/>
	<import addon="script.module.urlresolver" version="2.10.8"/>
  </requires>
  <extension point="xbmc.python.pluginsource" library="default.py">
    <provides>video</provides>
  </extension>
  <extension point="xbmc.addon.metadata">
    <language>en</language>
    <platform>all</platform>
    <summary lang="en">Curta a minha Lista agora em forma de Add On com mais canais. Os Canais da MASTER TV foram Desenvolvidos por Cleiton Leonel Creton e Rogger Henrique e Filipe Carvalho  </summary>
    <description lang="en">Curta a minha Lista agora em forma de Add On com mais canais. Os Canais da MASTER TV foram Desenvolvidos por Cleiton Leonel Creton e Rogger Henrique e Filipe Carvalho </description>
    <platform>all</platform>
  </extension>
</addon>
